system:index,B2,B3,B4,B8,class,.geo
0_0_0,244.0,420.0,570.0,1674.0,2,"{""geodesic"":false,""type"":""Point"",""coordinates"":[144.32194115795193,-36.7611724670885]}"
0_1_0,622.0,733.0,850.0,1214.0,2,"{""geodesic"":false,""type"":""Point"",""coordinates"":[144.3247259353327,-36.760094488747555]}"
0_2_0,208.0,364.0,516.0,1580.0,2,"{""geodesic"":false,""type"":""Point"",""coordinates"":[144.32418694616223,-36.76099280403167]}"
0_3_0,522.0,805.0,971.0,2120.0,2,"{""geodesic"":false,""type"":""Point"",""coordinates"":[144.32032419044052,-36.7611724670885]}"
0_4_0,424.0,645.0,840.0,1684.0,2,"{""geodesic"":false,""type"":""Point"",""coordinates"":[144.32481576686112,-36.760813140974854]}"
0_5_0,4420.0,4236.0,3972.0,3572.0,2,"{""geodesic"":false,""type"":""Point"",""coordinates"":[144.32553441908843,-36.76162162473056]}"
0_6_0,332.0,528.0,708.0,1728.0,2,"{""geodesic"":false,""type"":""Point"",""coordinates"":[144.32328863087812,-36.76063347791803]}"
0_7_0,322.0,611.0,695.0,1728.0,2,"{""geodesic"":false,""type"":""Point"",""coordinates"":[144.32427677769064,-36.760094488747555]}"
0_8_0,426.0,739.0,928.0,2092.0,2,"{""geodesic"":false,""type"":""Point"",""coordinates"":[144.32113267419624,-36.7611724670885]}"
0_9_0,396.0,583.0,802.0,1760.0,2,"{""geodesic"":false,""type"":""Point"",""coordinates"":[144.3231089678213,-36.760543646389614]}"
0_10_0,286.0,457.0,637.0,1762.0,2,"{""geodesic"":false,""type"":""Point"",""coordinates"":[144.32203098948034,-36.7611724670885]}"
0_11_0,255.0,483.0,637.0,1820.0,2,"{""geodesic"":false,""type"":""Point"",""coordinates"":[144.32364795699175,-36.761082635560086]}"
0_12_0,268.0,401.0,560.0,1782.0,2,"{""geodesic"":false,""type"":""Point"",""coordinates"":[144.32274964170765,-36.76162162473056]}"
0_13_0,830.0,1182.0,1414.0,2304.0,2,"{""geodesic"":false,""type"":""Point"",""coordinates"":[144.3246361038043,-36.760363983332795]}"
0_14_0,1284.0,1556.0,1838.0,2052.0,2,"{""geodesic"":false,""type"":""Point"",""coordinates"":[144.3253547560316,-36.761352130145326]}"
0_15_0,592.0,770.0,963.0,1288.0,2,"{""geodesic"":false,""type"":""Point"",""coordinates"":[144.32050385349734,-36.761082635560086]}"
0_16_0,270.0,450.0,623.0,1692.0,2,"{""geodesic"":false,""type"":""Point"",""coordinates"":[144.32454627227588,-36.76099280403167]}"
0_17_0,525.0,646.0,835.0,1286.0,2,"{""geodesic"":false,""type"":""Point"",""coordinates"":[144.32490559838953,-36.76018432027597]}"
0_18_0,1344.0,1764.0,2144.0,2460.0,2,"{""geodesic"":false,""type"":""Point"",""coordinates"":[144.32517509297477,-36.761801287787385]}"
0_19_0,263.0,414.0,569.0,1576.0,2,"{""geodesic"":false,""type"":""Point"",""coordinates"":[144.32418694616223,-36.76126229861691]}"
1_0_0,530.0,808.0,976.0,2222.0,2,"{""geodesic"":false,""type"":""Point"",""coordinates"":[144.32328863087812,-36.757219879838374]}"
1_1_0,602.0,863.0,1124.0,2780.0,2,"{""geodesic"":false,""type"":""Point"",""coordinates"":[144.32059368502576,-36.758657184292964]}"
1_2_0,586.0,800.0,864.0,2348.0,2,"{""geodesic"":false,""type"":""Point"",""coordinates"":[144.3209530111394,-36.75757920595202]}"
1_3_0,1086.0,1446.0,1932.0,2330.0,2,"{""geodesic"":false,""type"":""Point"",""coordinates"":[144.32517509297477,-36.757219879838374]}"
1_4_0,196.0,393.0,508.0,2018.0,2,"{""geodesic"":false,""type"":""Point"",""coordinates"":[144.32032419044052,-36.757758869008846]}"
1_5_0,637.0,987.0,1786.0,2822.0,2,"{""geodesic"":false,""type"":""Point"",""coordinates"":[144.31924621209959,-36.756770722196315]}"
1_6_0,517.0,711.0,955.0,1536.0,2,"{""geodesic"":false,""type"":""Point"",""coordinates"":[144.32203098948034,-36.75793853206567]}"
1_7_0,1704.0,2250.0,2136.0,3086.0,2,"{""geodesic"":false,""type"":""Point"",""coordinates"":[144.32104284266782,-36.758657184292964]}"
1_8_0,619.0,920.0,1234.0,2300.0,2,"{""geodesic"":false,""type"":""Point"",""coordinates"":[144.32418694616223,-36.757219879838374]}"
1_9_0,515.0,810.0,879.0,2510.0,2,"{""geodesic"":false,""type"":""Point"",""coordinates"":[144.32230048406558,-36.75811819512249]}"
1_10_0,472.0,725.0,972.0,2132.0,2,"{""geodesic"":false,""type"":""Point"",""coordinates"":[144.3231987993497,-36.75730971136679]}"
1_11_0,662.0,1036.0,1246.0,2590.0,2,"{""geodesic"":false,""type"":""Point"",""coordinates"":[144.3214920003099,-36.7573995428952]}"
1_12_0,856.0,1158.0,1416.0,2056.0,2,"{""geodesic"":false,""type"":""Point"",""coordinates"":[144.32230048406558,-36.756770722196315]}"
1_13_0,1190.0,1584.0,1748.0,2802.0,2,"{""geodesic"":false,""type"":""Point"",""coordinates"":[144.32068351655417,-36.75838768970773]}"
1_14_0,510.0,766.0,824.0,3024.0,2,"{""geodesic"":false,""type"":""Point"",""coordinates"":[144.31960553821324,-36.75713004830996]}"
1_15_0,1156.0,1526.0,2078.0,2432.0,2,"{""geodesic"":false,""type"":""Point"",""coordinates"":[144.32499542991795,-36.75730971136679]}"
1_16_0,544.0,751.0,807.0,1928.0,2,"{""geodesic"":false,""type"":""Point"",""coordinates"":[144.32059368502576,-36.75757920595202]}"
1_17_0,1252.0,1674.0,2114.0,3046.0,2,"{""geodesic"":false,""type"":""Point"",""coordinates"":[144.32041402196893,-36.75856735276455]}"
1_18_0,1042.0,1284.0,1534.0,2942.0,2,"{""geodesic"":false,""type"":""Point"",""coordinates"":[144.31960553821324,-36.7566808906679]}"
1_19_0,291.0,421.0,483.0,1192.0,2,"{""geodesic"":false,""type"":""Point"",""coordinates"":[144.320863179611,-36.757219879838374]}"
2_0_0,750.0,937.0,1286.0,2120.0,2,"{""geodesic"":false,""type"":""Point"",""coordinates"":[144.3231089678213,-36.752009651190484]}"
2_1_0,997.0,1396.0,1712.0,2806.0,2,"{""geodesic"":false,""type"":""Point"",""coordinates"":[144.32221065253717,-36.753626618701894]}"
2_2_0,563.0,736.0,1070.0,1928.0,2,"{""geodesic"":false,""type"":""Point"",""coordinates"":[144.32212082100875,-36.752728303417776]}"
2_3_0,577.0,841.0,1206.0,2242.0,2,"{""geodesic"":false,""type"":""Point"",""coordinates"":[144.323917451577,-36.75156049354842]}"
2_4_0,1060.0,1428.0,1584.0,2022.0,2,"{""geodesic"":false,""type"":""Point"",""coordinates"":[144.32194115795193,-36.752997798003015]}"
2_5_0,614.0,764.0,952.0,1582.0,2,"{""geodesic"":false,""type"":""Point"",""coordinates"":[144.32122250572465,-36.75254864036095]}"
2_6_0,567.0,840.0,1140.0,2374.0,2,"{""geodesic"":false,""type"":""Point"",""coordinates"":[144.32265981017923,-36.75281813494619]}"
2_7_0,957.0,1262.0,1504.0,1736.0,2,"{""geodesic"":false,""type"":""Point"",""coordinates"":[144.3224801471224,-36.75353678717348]}"
2_8_0,498.0,697.0,967.0,1866.0,2,"{""geodesic"":false,""type"":""Point"",""coordinates"":[144.32346829393495,-36.75182998813366]}"
2_9_0,409.0,606.0,777.0,1942.0,2,"{""geodesic"":false,""type"":""Point"",""coordinates"":[144.32283947323606,-36.75281813494619]}"
2_10_0,750.0,937.0,1286.0,2120.0,2,"{""geodesic"":false,""type"":""Point"",""coordinates"":[144.3231089678213,-36.752009651190484]}"
2_11_0,574.0,807.0,1086.0,2138.0,2,"{""geodesic"":false,""type"":""Point"",""coordinates"":[144.32230048406558,-36.75245880883254]}"
2_12_0,551.0,811.0,1056.0,2332.0,2,"{""geodesic"":false,""type"":""Point"",""coordinates"":[144.32256997865082,-36.75182998813366]}"
2_13_0,1404.0,1774.0,2126.0,2496.0,2,"{""geodesic"":false,""type"":""Point"",""coordinates"":[144.32221065253717,-36.75335712411666]}"
2_14_0,1296.0,1560.0,1796.0,2074.0,2,"{""geodesic"":false,""type"":""Point"",""coordinates"":[144.3214920003099,-36.752728303417776]}"
2_15_0,651.0,888.0,1196.0,2146.0,2,"{""geodesic"":false,""type"":""Point"",""coordinates"":[144.32382762004858,-36.751740156605244]}"
2_16_0,584.0,829.0,1036.0,1644.0,2,"{""geodesic"":false,""type"":""Point"",""coordinates"":[144.32203098948034,-36.75281813494619]}"
2_17_0,1162.0,1620.0,1918.0,2752.0,2,"{""geodesic"":false,""type"":""Point"",""coordinates"":[144.32212082100875,-36.753626618701894]}"
2_18_0,321.0,561.0,705.0,2100.0,2,"{""geodesic"":false,""type"":""Point"",""coordinates"":[144.32140216878147,-36.75236897730413]}"
2_19_0,437.0,701.0,910.0,2524.0,2,"{""geodesic"":false,""type"":""Point"",""coordinates"":[144.32203098948034,-36.75245880883254]}"
3_0_0,777.0,1122.0,1442.0,2468.0,2,"{""geodesic"":false,""type"":""Point"",""coordinates"":[144.31610210860515,-36.75470459704284]}"
3_1_0,1288.0,1462.0,1738.0,2174.0,2,"{""geodesic"":false,""type"":""Point"",""coordinates"":[144.3180784022302,-36.75335712411666]}"
3_2_0,1096.0,1382.0,1372.0,2308.0,2,"{""geodesic"":false,""type"":""Point"",""coordinates"":[144.3178987391734,-36.75434527092919]}"
3_3_0,486.0,806.0,1036.0,2792.0,2,"{""geodesic"":false,""type"":""Point"",""coordinates"":[144.3154732879063,-36.75542324927014]}"
3_4_0,164.0,360.0,490.0,2030.0,2,"{""geodesic"":false,""type"":""Point"",""coordinates"":[144.3148444672074,-36.7551537546849]}"
3_5_0,419.0,647.0,814.0,1764.0,2,"{""geodesic"":false,""type"":""Point"",""coordinates"":[144.31771907611656,-36.75326729258825]}"
3_6_0,1788.0,2174.0,2210.0,2840.0,2,"{""geodesic"":false,""type"":""Point"",""coordinates"":[144.31601227707674,-36.754165607872366]}"
3_7_0,728.0,1018.0,1384.0,2756.0,2,"{""geodesic"":false,""type"":""Point"",""coordinates"":[144.3158326140199,-36.75380628175872]}"
3_8_0,770.0,1114.0,1532.0,2540.0,2,"{""geodesic"":false,""type"":""Point"",""coordinates"":[144.31619194013356,-36.75524358621331]}"
3_9_0,1162.0,1488.0,1590.0,2600.0,2,"{""geodesic"":false,""type"":""Point"",""coordinates"":[144.3158326140199,-36.75434527092919]}"
3_10_0,777.0,1122.0,1442.0,2468.0,2,"{""geodesic"":false,""type"":""Point"",""coordinates"":[144.31610210860515,-36.75470459704284]}"
3_11_0,1030.0,1406.0,1586.0,1760.0,2,"{""geodesic"":false,""type"":""Point"",""coordinates"":[144.31655126624722,-36.75407577634395]}"
3_12_0,1282.0,1574.0,1798.0,2292.0,2,"{""geodesic"":false,""type"":""Point"",""coordinates"":[144.31673092930404,-36.75434527092919]}"
3_13_0,764.0,1144.0,1494.0,2372.0,2,"{""geodesic"":false,""type"":""Point"",""coordinates"":[144.31610210860515,-36.75371645023031]}"
3_14_0,1015.0,1296.0,1454.0,2170.0,2,"{""geodesic"":false,""type"":""Point"",""coordinates"":[144.3186173914007,-36.754435102457606]}"
3_15_0,614.0,937.0,1188.0,2778.0,2,"{""geodesic"":false,""type"":""Point"",""coordinates"":[144.3154732879063,-36.755333417741724]}"
3_16_0,122.0,326.0,389.0,2532.0,2,"{""geodesic"":false,""type"":""Point"",""coordinates"":[144.3148444672074,-36.75497409162808]}"
3_17_0,904.0,1104.0,1368.0,1730.0,2,"{""geodesic"":false,""type"":""Point"",""coordinates"":[144.31610210860515,-36.75353678717348]}"
3_18_0,732.0,1064.0,1300.0,2890.0,2,"{""geodesic"":false,""type"":""Point"",""coordinates"":[144.3186173914007,-36.754884260099665]}"
3_19_0,523.0,713.0,852.0,2312.0,2,"{""geodesic"":false,""type"":""Point"",""coordinates"":[144.3179885707018,-36.754614765514425]}"
4_0_0,878.0,1416.0,1596.0,2732.0,2,"{""geodesic"":false,""type"":""Point"",""coordinates"":[144.31691059236087,-36.75147066202001]}"
4_1_0,1240.0,1540.0,1626.0,2530.0,2,"{""geodesic"":false,""type"":""Point"",""coordinates"":[144.3157427824915,-36.75165032507683]}"
4_2_0,1400.0,1784.0,1908.0,2304.0,2,"{""geodesic"":false,""type"":""Point"",""coordinates"":[144.31619194013356,-36.750302852150654]}"
4_3_0,1114.0,1218.0,1342.0,2322.0,2,"{""geodesic"":false,""type"":""Point"",""coordinates"":[144.31601227707674,-36.75165032507683]}"
4_4_0,1188.0,1682.0,1828.0,2230.0,2,"{""geodesic"":false,""type"":""Point"",""coordinates"":[144.3157427824915,-36.75048251520748]}"
4_5_0,1007.0,1364.0,1604.0,2222.0,2,"{""geodesic"":false,""type"":""Point"",""coordinates"":[144.3187072229291,-36.751290998963185]}"
4_6_0,770.0,985.0,1164.0,1516.0,2,"{""geodesic"":false,""type"":""Point"",""coordinates"":[144.3179885707018,-36.7506621782643]}"
4_7_0,1614.0,1996.0,2154.0,2226.0,2,"{""geodesic"":false,""type"":""Point"",""coordinates"":[144.31888688598593,-36.75003335756542]}"
4_8_0,1674.0,1942.0,2262.0,2622.0,2,"{""geodesic"":false,""type"":""Point"",""coordinates"":[144.31834789681545,-36.749853694508595]}"
4_9_0,432.0,605.0,697.0,1880.0,2,"{""geodesic"":false,""type"":""Point"",""coordinates"":[144.3179885707018,-36.750572346735886]}"
4_10_0,691.0,1094.0,1230.0,2908.0,2,"{""geodesic"":false,""type"":""Point"",""coordinates"":[144.31700042388928,-36.7513808304916]}"
4_11_0,1378.0,1556.0,1478.0,1534.0,2,"{""geodesic"":false,""type"":""Point"",""coordinates"":[144.3178987391734,-36.75111133590636]}"
4_12_0,1008.0,1364.0,1440.0,2546.0,2,"{""geodesic"":false,""type"":""Point"",""coordinates"":[144.3170902554177,-36.751740156605244]}"
4_13_0,959.0,1096.0,1246.0,1486.0,2,"{""geodesic"":false,""type"":""Point"",""coordinates"":[144.31897671751435,-36.75021302062224]}"
4_14_0,911.0,1124.0,1384.0,2418.0,2,"{""geodesic"":false,""type"":""Point"",""coordinates"":[144.31529362484946,-36.74976386298018]}"
4_15_0,1350.0,1512.0,1622.0,2584.0,2,"{""geodesic"":false,""type"":""Point"",""coordinates"":[144.31610210860515,-36.75156049354842]}"
4_16_0,1376.0,1722.0,1936.0,2052.0,2,"{""geodesic"":false,""type"":""Point"",""coordinates"":[144.31592244554832,-36.750302852150654]}"
4_17_0,2418.0,2514.0,2474.0,2134.0,2,"{""geodesic"":false,""type"":""Point"",""coordinates"":[144.31924621209959,-36.74994352603701]}"
4_18_0,214.0,425.0,609.0,2150.0,2,"{""geodesic"":false,""type"":""Point"",""coordinates"":[144.3154732879063,-36.749135042281296]}"
4_19_0,1108.0,1438.0,1494.0,2244.0,2,"{""geodesic"":false,""type"":""Point"",""coordinates"":[144.31619194013356,-36.749853694508595]}"
5_0_0,1368.0,1656.0,2100.0,2214.0,2,"{""geodesic"":false,""type"":""Point"",""coordinates"":[144.31143086912775,-36.75147066202001]}"
5_1_0,454.0,742.0,886.0,2108.0,2,"{""geodesic"":false,""type"":""Point"",""coordinates"":[144.31313766816757,-36.75111133590636]}"
5_2_0,1026.0,1256.0,1536.0,1638.0,2,"{""geodesic"":false,""type"":""Point"",""coordinates"":[144.31232918441185,-36.7529079664746]}"
5_3_0,869.0,1064.0,1218.0,1356.0,2,"{""geodesic"":false,""type"":""Point"",""coordinates"":[144.31286817358233,-36.75111133590636]}"
5_4_0,1042.0,1344.0,1714.0,2380.0,2,"{""geodesic"":false,""type"":""Point"",""coordinates"":[144.3088257548038,-36.7529079664746]}"
5_5_0,636.0,778.0,944.0,1362.0,2,"{""geodesic"":false,""type"":""Point"",""coordinates"":[144.30846642869014,-36.751740156605244]}"
5_6_0,2072.0,2520.0,2670.0,2654.0,2,"{""geodesic"":false,""type"":""Point"",""coordinates"":[144.30999356467314,-36.75281813494619]}"
5_7_0,490.0,798.0,901.0,2448.0,2,"{""geodesic"":false,""type"":""Point"",""coordinates"":[144.3089155863322,-36.75398594481555]}"
5_8_0,608.0,897.0,1012.0,2152.0,2,"{""geodesic"":false,""type"":""Point"",""coordinates"":[144.3095444070311,-36.75398594481555]}"
5_9_0,1886.0,2392.0,2668.0,2746.0,2,"{""geodesic"":false,""type"":""Point"",""coordinates"":[144.31017322772996,-36.752997798003015]}"
5_10_0,818.0,1168.0,1566.0,2078.0,2,"{""geodesic"":false,""type"":""Point"",""coordinates"":[144.31134103759933,-36.75156049354842]}"
5_11_0,1336.0,1858.0,2044.0,2246.0,2,"{""geodesic"":false,""type"":""Point"",""coordinates"":[144.30990373314472,-36.75209948271889]}"
5_12_0,978.0,1260.0,1606.0,2110.0,2,"{""geodesic"":false,""type"":""Point"",""coordinates"":[144.31089187995727,-36.75102150437795]}"
5_13_0,1015.0,1188.0,1374.0,1924.0,2,"{""geodesic"":false,""type"":""Point"",""coordinates"":[144.30873592327538,-36.75371645023031]}"
5_14_0,769.0,1162.0,1596.0,3034.0,2,"{""geodesic"":false,""type"":""Point"",""coordinates"":[144.31322749969598,-36.75335712411666]}"
5_15_0,745.0,903.0,1064.0,1114.0,2,"{""geodesic"":false,""type"":""Point"",""coordinates"":[144.3126885105255,-36.751290998963185]}"
5_16_0,1432.0,1630.0,1854.0,2036.0,2,"{""geodesic"":false,""type"":""Point"",""coordinates"":[144.3125986789971,-36.75281813494619]}"
5_17_0,716.0,978.0,1202.0,2026.0,2,"{""geodesic"":false,""type"":""Point"",""coordinates"":[144.30837659716173,-36.75407577634395]}"
5_18_0,1282.0,1738.0,2042.0,2834.0,2,"{""geodesic"":false,""type"":""Point"",""coordinates"":[144.31295800511074,-36.754165607872366]}"
5_19_0,358.0,653.0,755.0,2468.0,2,"{""geodesic"":false,""type"":""Point"",""coordinates"":[144.31223935288344,-36.753446955645074]}"
6_0_0,605.0,926.0,1338.0,2204.0,2,"{""geodesic"":false,""type"":""Point"",""coordinates"":[144.31313766816757,-36.74742824324147]}"
6_1_0,573.0,872.0,1264.0,2244.0,2,"{""geodesic"":false,""type"":""Point"",""coordinates"":[144.31026305925838,-36.74877571616765]}"
6_2_0,543.0,909.0,1256.0,2480.0,2,"{""geodesic"":false,""type"":""Point"",""coordinates"":[144.31125120607092,-36.747697737826705]}"
6_3_0,3066.0,4472.0,5488.0,5804.0,2,"{""geodesic"":false,""type"":""Point"",""coordinates"":[144.31439530956533,-36.747518074769886]}"
6_4_0,626.0,910.0,1314.0,2346.0,2,"{""geodesic"":false,""type"":""Point"",""coordinates"":[144.31071221690044,-36.74787740088353]}"
6_5_0,699.0,956.0,1256.0,1858.0,2,"{""geodesic"":false,""type"":""Point"",""coordinates"":[144.31053255384361,-36.74697908559941]}"
6_6_0,607.0,950.0,1294.0,2546.0,2,"{""geodesic"":false,""type"":""Point"",""coordinates"":[144.311700363713,-36.74805706394036]}"
6_7_0,592.0,861.0,1232.0,2174.0,2,"{""geodesic"":false,""type"":""Point"",""coordinates"":[144.31062238537203,-36.74868588463924]}"
6_8_0,893.0,1392.0,1828.0,2920.0,2,"{""geodesic"":false,""type"":""Point"",""coordinates"":[144.31376648886643,-36.74742824324147]}"
6_9_0,643.0,891.0,1244.0,2182.0,2,"{""geodesic"":false,""type"":""Point"",""coordinates"":[144.31188002676978,-36.74823672699718]}"
6_10_0,491.0,796.0,1120.0,2114.0,2,"{""geodesic"":false,""type"":""Point"",""coordinates"":[144.31304783663916,-36.747518074769886]}"
6_11_0,532.0,850.0,1188.0,2294.0,2,"{""geodesic"":false,""type"":""Point"",""coordinates"":[144.311700363713,-36.74760790629829]}"
6_12_0,973.0,1328.0,1676.0,1914.0,2,"{""geodesic"":false,""type"":""Point"",""coordinates"":[144.3126885105255,-36.74697908559941]}"
6_13_0,623.0,950.0,1368.0,2420.0,2,"{""geodesic"":false,""type"":""Point"",""coordinates"":[144.31053255384361,-36.748416390054004]}"
6_14_0,235.0,414.0,659.0,1936.0,2,"{""geodesic"":false,""type"":""Point"",""coordinates"":[144.31053255384361,-36.74733841171306]}"
6_15_0,2874.0,4280.0,5176.0,5668.0,2,"{""geodesic"":false,""type"":""Point"",""coordinates"":[144.3142156465085,-36.74760790629829]}"
6_16_0,571.0,901.0,1290.0,2498.0,2,"{""geodesic"":false,""type"":""Point"",""coordinates"":[144.31098171148568,-36.747697737826705]}"
6_17_0,571.0,872.0,1272.0,2356.0,2,"{""geodesic"":false,""type"":""Point"",""coordinates"":[144.31017322772996,-36.74859605311082]}"
6_18_0,679.0,919.0,1242.0,2118.0,2,"{""geodesic"":false,""type"":""Point"",""coordinates"":[144.31089187995727,-36.746889254071]}"
6_19_0,651.0,1024.0,1324.0,2158.0,2,"{""geodesic"":false,""type"":""Point"",""coordinates"":[144.31143086912775,-36.74742824324147]}"
7_0_0,1284.0,1730.0,2176.0,2430.0,2,"{""geodesic"":false,""type"":""Point"",""coordinates"":[144.31295800511074,-36.74383498210499]}"
7_1_0,836.0,1108.0,1544.0,2214.0,2,"{""geodesic"":false,""type"":""Point"",""coordinates"":[144.31457497262215,-36.74347565599135]}"
7_2_0,920.0,1158.0,1410.0,2142.0,2,"{""geodesic"":false,""type"":""Point"",""coordinates"":[144.31376648886643,-36.743655319048166]}"
7_3_0,944.0,1324.0,1462.0,2092.0,2,"{""geodesic"":false,""type"":""Point"",""coordinates"":[144.3134071627528,-36.744373971275465]}"
7_4_0,2314.0,2702.0,3334.0,3730.0,2,"{""geodesic"":false,""type"":""Point"",""coordinates"":[144.31188002676978,-36.7431163298777]}"
7_5_0,1262.0,1678.0,2016.0,2216.0,2,"{""geodesic"":false,""type"":""Point"",""coordinates"":[144.31214952135502,-36.74257734070723]}"
7_6_0,1538.0,2152.0,2522.0,3186.0,2,"{""geodesic"":false,""type"":""Point"",""coordinates"":[144.31214952135502,-36.743655319048166]}"
7_7_0,2808.0,3304.0,3904.0,4416.0,2,"{""geodesic"":false,""type"":""Point"",""coordinates"":[144.31161053218457,-36.74356548751976]}"
7_8_0,1234.0,1490.0,1732.0,2432.0,2,"{""geodesic"":false,""type"":""Point"",""coordinates"":[144.31277834205392,-36.74275700376405]}"
7_9_0,1502.0,2018.0,2580.0,3040.0,2,"{""geodesic"":false,""type"":""Point"",""coordinates"":[144.31214952135502,-36.74383498210499]}"
7_10_0,1246.0,1692.0,2122.0,2372.0,2,"{""geodesic"":false,""type"":""Point"",""coordinates"":[144.31286817358233,-36.74383498210499]}"
7_11_0,2388.0,3034.0,3420.0,4056.0,2,"{""geodesic"":false,""type"":""Point"",""coordinates"":[144.31232918441185,-36.74338582446293]}"
7_12_0,1780.0,2100.0,2300.0,2208.0,2,"{""geodesic"":false,""type"":""Point"",""coordinates"":[144.31295800511074,-36.74347565599135]}"
7_13_0,2534.0,3166.0,3614.0,4108.0,2,"{""geodesic"":false,""type"":""Point"",""coordinates"":[144.31161053218457,-36.74338582446293]}"
7_14_0,719.0,994.0,1200.0,2276.0,2,"{""geodesic"":false,""type"":""Point"",""coordinates"":[144.31385632039485,-36.74419430821864]}"
7_15_0,922.0,1232.0,1604.0,1914.0,2,"{""geodesic"":false,""type"":""Point"",""coordinates"":[144.31322749969598,-36.744373971275465]}"
7_16_0,864.0,1194.0,1380.0,2114.0,2,"{""geodesic"":false,""type"":""Point"",""coordinates"":[144.31385632039485,-36.74374515057658]}"
7_17_0,1534.0,2004.0,2336.0,3710.0,2,"{""geodesic"":false,""type"":""Point"",""coordinates"":[144.31143086912775,-36.74338582446293]}"
7_18_0,819.0,1072.0,1260.0,2120.0,2,"{""geodesic"":false,""type"":""Point"",""coordinates"":[144.31358682580964,-36.74428413974705]}"
7_19_0,995.0,1322.0,1652.0,2292.0,2,"{""geodesic"":false,""type"":""Point"",""coordinates"":[144.31358682580964,-36.74374515057658]}"
8_0_0,1584.0,2150.0,2370.0,2790.0,2,"{""geodesic"":false,""type"":""Point"",""coordinates"":[144.30397485226953,-36.74760790629829]}"
8_1_0,652.0,1002.0,1300.0,2296.0,2,"{""geodesic"":false,""type"":""Point"",""coordinates"":[144.30307653698543,-36.748416390054004]}"
8_2_0,786.0,1048.0,1404.0,2526.0,2,"{""geodesic"":false,""type"":""Point"",""coordinates"":[144.30316636851384,-36.74787740088353]}"
8_3_0,1500.0,1856.0,2328.0,2498.0,2,"{""geodesic"":false,""type"":""Point"",""coordinates"":[144.30469350449684,-36.747518074769886]}"
8_4_0,1322.0,1624.0,1742.0,2536.0,2,"{""geodesic"":false,""type"":""Point"",""coordinates"":[144.3028968739286,-36.747967232411945]}"
8_5_0,761.0,1060.0,1288.0,2084.0,2,"{""geodesic"":false,""type"":""Point"",""coordinates"":[144.30244771628654,-36.747518074769886]}"
8_6_0,666.0,943.0,1124.0,1810.0,2,"{""geodesic"":false,""type"":""Point"",""coordinates"":[144.3035256946275,-36.74805706394036]}"
8_7_0,583.0,758.0,897.0,1362.0,2,"{""geodesic"":false,""type"":""Point"",""coordinates"":[144.30325620004226,-36.748416390054004]}"
8_8_0,1930.0,2140.0,2300.0,2294.0,2,"{""geodesic"":false,""type"":""Point"",""coordinates"":[144.3043341783832,-36.74760790629829]}"
8_9_0,1026.0,1422.0,1698.0,2402.0,2,"{""geodesic"":false,""type"":""Point"",""coordinates"":[144.30370535768432,-36.74805706394036]}"
8_10_0,1584.0,2150.0,2370.0,2790.0,2,"{""geodesic"":false,""type"":""Point"",""coordinates"":[144.30397485226953,-36.74760790629829]}"
8_11_0,544.0,887.0,1160.0,2840.0,2,"{""geodesic"":false,""type"":""Point"",""coordinates"":[144.30334603157067,-36.74778756935512]}"
8_12_0,908.0,1354.0,1548.0,2458.0,2,"{""geodesic"":false,""type"":""Point"",""coordinates"":[144.3036155261559,-36.74742824324147]}"
8_13_0,775.0,1078.0,1374.0,2192.0,2,"{""geodesic"":false,""type"":""Point"",""coordinates"":[144.30307653698543,-36.74832655852559]}"
8_14_0,562.0,777.0,1030.0,2048.0,2,"{""geodesic"":false,""type"":""Point"",""coordinates"":[144.30262737934336,-36.747697737826705]}"
8_15_0,1340.0,1796.0,1902.0,1904.0,2,"{""geodesic"":false,""type"":""Point"",""coordinates"":[144.30460367296843,-36.74760790629829]}"
8_16_0,1232.0,1538.0,1794.0,2488.0,2,"{""geodesic"":false,""type"":""Point"",""coordinates"":[144.30298670545702,-36.74787740088353]}"
8_17_0,720.0,1118.0,1334.0,2324.0,2,"{""geodesic"":false,""type"":""Point"",""coordinates"":[144.30298670545702,-36.748416390054004]}"
8_18_0,493.0,728.0,849.0,1644.0,2,"{""geodesic"":false,""type"":""Point"",""coordinates"":[144.30262737934336,-36.74742824324147]}"
8_19_0,634.0,958.0,1128.0,2100.0,2,"{""geodesic"":false,""type"":""Point"",""coordinates"":[144.30307653698543,-36.747697737826705]}"
9_0_0,819.0,1023.0,1250.0,2542.0,2,"{""geodesic"":false,""type"":""Point"",""coordinates"":[144.2997527704342,-36.75398594481555]}"
9_1_0,735.0,965.0,1216.0,2006.0,2,"{""geodesic"":false,""type"":""Point"",""coordinates"":[144.29939344432054,-36.752728303417776]}"
9_2_0,499.0,913.0,1266.0,2770.0,2,"{""geodesic"":false,""type"":""Point"",""coordinates"":[144.30020192807623,-36.75308762953142]}"
9_3_0,824.0,1230.0,1470.0,2442.0,2,"{""geodesic"":false,""type"":""Point"",""coordinates"":[144.3000222650194,-36.754435102457606]}"
9_4_0,640.0,896.0,1114.0,2514.0,2,"{""geodesic"":false,""type"":""Point"",""coordinates"":[144.30011209654782,-36.7529079664746]}"
9_5_0,700.0,882.0,1098.0,2072.0,2,"{""geodesic"":false,""type"":""Point"",""coordinates"":[144.29930361279213,-36.75281813494619]}"
9_6_0,620.0,922.0,1520.0,2462.0,2,"{""geodesic"":false,""type"":""Point"",""coordinates"":[144.29930361279213,-36.75371645023031]}"
9_7_0,739.0,1015.0,1328.0,1866.0,2,"{""geodesic"":false,""type"":""Point"",""coordinates"":[144.29894428667848,-36.753626618701894]}"
9_8_0,1044.0,1526.0,1730.0,2758.0,2,"{""geodesic"":false,""type"":""Point"",""coordinates"":[144.30011209654782,-36.75407577634395]}"
9_9_0,723.0,1005.0,1178.0,2390.0,2,"{""geodesic"":false,""type"":""Point"",""coordinates"":[144.29930361279213,-36.753896113287134]}"
9_10_0,1022.0,1398.0,1480.0,2692.0,2,"{""geodesic"":false,""type"":""Point"",""coordinates"":[144.29966293890578,-36.75398594481555]}"
9_11_0,562.0,967.0,1080.0,3194.0,2,"{""geodesic"":false,""type"":""Point"",""coordinates"":[144.29939344432054,-36.75353678717348]}"
9_12_0,569.0,863.0,1536.0,2530.0,2,"{""geodesic"":false,""type"":""Point"",""coordinates"":[144.2997527704342,-36.753626618701894]}"
9_13_0,730.0,962.0,1200.0,2106.0,2,"{""geodesic"":false,""type"":""Point"",""coordinates"":[144.2990341182069,-36.75353678717348]}"
9_14_0,939.0,1220.0,1402.0,2236.0,2,"{""geodesic"":false,""type"":""Point"",""coordinates"":[144.3005612541899,-36.75281813494619]}"
9_15_0,733.0,982.0,1266.0,2054.0,2,"{""geodesic"":false,""type"":""Point"",""coordinates"":[144.299932433491,-36.754435102457606]}"
9_16_0,628.0,1022.0,1170.0,2862.0,2,"{""geodesic"":false,""type"":""Point"",""coordinates"":[144.30020192807623,-36.752997798003015]}"
9_17_0,584.0,870.0,1052.0,2104.0,2,"{""geodesic"":false,""type"":""Point"",""coordinates"":[144.29885445515006,-36.753446955645074]}"
9_18_0,749.0,1122.0,1386.0,2556.0,2,"{""geodesic"":false,""type"":""Point"",""coordinates"":[144.30092058030354,-36.7529079664746]}"
9_19_0,530.0,884.0,1106.0,3304.0,2,"{""geodesic"":false,""type"":""Point"",""coordinates"":[144.30038159113306,-36.753177461059835]}"
10_0_0,664.0,1028.0,1072.0,2786.0,2,"{""geodesic"":false,""type"":""Point"",""coordinates"":[144.3013697379456,-36.75614190149743]}"
10_1_0,705.0,1032.0,1234.0,2178.0,2,"{""geodesic"":false,""type"":""Point"",""coordinates"":[144.30262737934336,-36.756052069969016]}"
10_2_0,432.0,609.0,776.0,1862.0,2,"{""geodesic"":false,""type"":""Point"",""coordinates"":[144.30190872711606,-36.756770722196315]}"
10_3_0,680.0,990.0,1220.0,2298.0,2,"{""geodesic"":false,""type"":""Point"",""coordinates"":[144.30244771628654,-36.756052069969016]}"
10_4_0,608.0,909.0,1180.0,2162.0,2,"{""geodesic"":false,""type"":""Point"",""coordinates"":[144.29939344432054,-36.756501227611075]}"
10_5_0,612.0,810.0,901.0,1538.0,2,"{""geodesic"":false,""type"":""Point"",""coordinates"":[144.29939344432054,-36.75614190149743]}"
10_6_0,774.0,1040.0,1220.0,2388.0,2,"{""geodesic"":false,""type"":""Point"",""coordinates"":[144.30020192807623,-36.75659105913949]}"
10_7_0,450.0,766.0,1002.0,2248.0,2,"{""geodesic"":false,""type"":""Point"",""coordinates"":[144.29930361279213,-36.75695038525314]}"
10_8_0,913.0,1226.0,1438.0,2644.0,2,"{""geodesic"":false,""type"":""Point"",""coordinates"":[144.2997527704342,-36.75695038525314]}"
10_9_0,430.0,679.0,750.0,2294.0,2,"{""geodesic"":false,""type"":""Point"",""coordinates"":[144.30029175960465,-36.75659105913949]}"
10_10_0,664.0,1028.0,1072.0,2786.0,2,"{""geodesic"":false,""type"":""Point"",""coordinates"":[144.3013697379456,-36.75614190149743]}"
10_11_0,774.0,1102.0,1158.0,2266.0,2,"{""geodesic"":false,""type"":""Point"",""coordinates"":[144.30029175960465,-36.756321564554256]}"
10_12_0,245.0,445.0,490.0,1580.0,2,"{""geodesic"":false,""type"":""Point"",""coordinates"":[144.30110024336037,-36.75596223844061]}"
10_13_0,516.0,847.0,995.0,2298.0,2,"{""geodesic"":false,""type"":""Point"",""coordinates"":[144.29921378126372,-36.756770722196315]}"
10_14_0,686.0,1032.0,1150.0,2226.0,2,"{""geodesic"":false,""type"":""Point"",""coordinates"":[144.30253754781495,-36.75704021678155]}"
10_15_0,166.0,338.0,341.0,2056.0,2,"{""geodesic"":false,""type"":""Point"",""coordinates"":[144.3022680532297,-36.75614190149743]}"
10_16_0,152.0,369.0,450.0,2036.0,2,"{""geodesic"":false,""type"":""Point"",""coordinates"":[144.3021782217013,-36.756770722196315]}"
10_17_0,643.0,1014.0,1232.0,2270.0,2,"{""geodesic"":false,""type"":""Point"",""coordinates"":[144.29885445515006,-36.75695038525314]}"
10_18_0,387.0,727.0,690.0,2448.0,2,"{""geodesic"":false,""type"":""Point"",""coordinates"":[144.3022680532297,-36.75730971136679]}"
10_19_0,666.0,794.0,995.0,1346.0,2,"{""geodesic"":false,""type"":""Point"",""coordinates"":[144.30181889558767,-36.75695038525314]}"
11_0_0,930.0,1296.0,1358.0,2776.0,2,"{""geodesic"":false,""type"":""Point"",""coordinates"":[144.2998426019626,-36.75982499416232]}"
11_1_0,720.0,854.0,1005.0,1232.0,2,"{""geodesic"":false,""type"":""Point"",""coordinates"":[144.29723748763865,-36.760363983332795]}"
11_2_0,373.0,590.0,640.0,2414.0,2,"{""geodesic"":false,""type"":""Point"",""coordinates"":[144.29822563445117,-36.75973516263391]}"
11_3_0,706.0,1003.0,1132.0,2156.0,2,"{""geodesic"":false,""type"":""Point"",""coordinates"":[144.299932433491,-36.760363983332795]}"
11_4_0,901.0,1126.0,1588.0,2198.0,2,"{""geodesic"":false,""type"":""Point"",""coordinates"":[144.29921378126372,-36.75874701582138]}"
11_5_0,636.0,891.0,999.0,1688.0,2,"{""geodesic"":false,""type"":""Point"",""coordinates"":[144.3000222650194,-36.758657184292964]}"
11_6_0,1118.0,1332.0,1540.0,2012.0,2,"{""geodesic"":false,""type"":""Point"",""coordinates"":[144.29921378126372,-36.75919617346344]}"
11_7_0,936.0,941.0,1026.0,2060.0,2,"{""geodesic"":false,""type"":""Point"",""coordinates"":[144.29858496056482,-36.75874701582138]}"
11_8_0,681.0,901.0,994.0,2708.0,2,"{""geodesic"":false,""type"":""Point"",""coordinates"":[144.29948327584896,-36.76027415180438]}"
11_9_0,858.0,1118.0,1356.0,1860.0,2,"{""geodesic"":false,""type"":""Point"",""coordinates"":[144.2990341182069,-36.75928600499185]}"
11_10_0,651.0,924.0,1034.0,2756.0,2,"{""geodesic"":false,""type"":""Point"",""coordinates"":[144.2998426019626,-36.75973516263391]}"
11_11_0,630.0,860.0,1032.0,2338.0,2,"{""geodesic"":false,""type"":""Point"",""coordinates"":[144.29966293890578,-36.75919617346344]}"
11_12_0,692.0,1040.0,1288.0,2088.0,2,"{""geodesic"":false,""type"":""Point"",""coordinates"":[144.30020192807623,-36.75955549957708]}"
11_13_0,796.0,955.0,1040.0,2326.0,2,"{""geodesic"":false,""type"":""Point"",""coordinates"":[144.29876462362165,-36.758657184292964]}"
11_14_0,518.0,858.0,1013.0,2458.0,2,"{""geodesic"":false,""type"":""Point"",""coordinates"":[144.29804597139434,-36.75910634193502]}"
11_15_0,824.0,1168.0,1106.0,2918.0,2,"{""geodesic"":false,""type"":""Point"",""coordinates"":[144.2998426019626,-36.76027415180438]}"
11_16_0,612.0,794.0,895.0,2208.0,2,"{""geodesic"":false,""type"":""Point"",""coordinates"":[144.29804597139434,-36.759645331105496]}"
11_17_0,894.0,1166.0,1374.0,2164.0,2,"{""geodesic"":false,""type"":""Point"",""coordinates"":[144.2984951290364,-36.75856735276455]}"
11_18_0,751.0,907.0,972.0,2038.0,2,"{""geodesic"":false,""type"":""Point"",""coordinates"":[144.298405297508,-36.75883684734979]}"
11_19_0,1210.0,1450.0,1618.0,2224.0,2,"{""geodesic"":false,""type"":""Point"",""coordinates"":[144.298405297508,-36.75946566804867]}"
12_0_0,452.0,736.0,775.0,2588.0,2,"{""geodesic"":false,""type"":""Point"",""coordinates"":[144.3065799665935,-36.75946566804867]}"
12_1_0,452.0,587.0,664.0,1001.0,2,"{""geodesic"":false,""type"":""Point"",""coordinates"":[144.30478333602525,-36.76090297250327]}"
12_2_0,531.0,839.0,1003.0,2656.0,2,"{""geodesic"":false,""type"":""Point"",""coordinates"":[144.3057714828378,-36.76018432027597]}"
12_3_0,309.0,551.0,686.0,2010.0,2,"{""geodesic"":false,""type"":""Point"",""coordinates"":[144.30568165130938,-36.75910634193502]}"
12_4_0,818.0,1046.0,1348.0,1980.0,2,"{""geodesic"":false,""type"":""Point"",""coordinates"":[144.3081969341049,-36.75973516263391]}"
12_5_0,507.0,799.0,980.0,2210.0,2,"{""geodesic"":false,""type"":""Point"",""coordinates"":[144.30855626021855,-36.760543646389614]}"
12_6_0,419.0,724.0,822.0,2732.0,2,"{""geodesic"":false,""type"":""Point"",""coordinates"":[144.3073884503492,-36.75928600499185]}"
12_7_0,605.0,774.0,866.0,1200.0,2,"{""geodesic"":false,""type"":""Point"",""coordinates"":[144.30801727104807,-36.75910634193502]}"
12_8_0,990.0,1340.0,1584.0,2380.0,2,"{""geodesic"":false,""type"":""Point"",""coordinates"":[144.30774777646286,-36.76063347791803]}"
12_9_0,636.0,1001.0,1338.0,2592.0,2,"{""geodesic"":false,""type"":""Point"",""coordinates"":[144.30720878729238,-36.75919617346344]}"
12_10_0,452.0,736.0,775.0,2588.0,2,"{""geodesic"":false,""type"":""Point"",""coordinates"":[144.3065799665935,-36.75946566804867]}"
12_11_0,1116.0,1384.0,1670.0,2302.0,2,"{""geodesic"":false,""type"":""Point"",""coordinates"":[144.30756811340603,-36.75973516263391]}"
12_12_0,714.0,849.0,1062.0,1728.0,2,"{""geodesic"":false,""type"":""Point"",""coordinates"":[144.30702912423556,-36.759914825690736]}"
12_13_0,483.0,664.0,739.0,1680.0,2,"{""geodesic"":false,""type"":""Point"",""coordinates"":[144.30810710257649,-36.75937583652026]}"
12_14_0,693.0,898.0,1082.0,1662.0,2,"{""geodesic"":false,""type"":""Point"",""coordinates"":[144.30523249366732,-36.759645331105496]}"
12_15_0,289.0,512.0,600.0,2122.0,2,"{""geodesic"":false,""type"":""Point"",""coordinates"":[144.3057714828378,-36.75910634193502]}"
12_16_0,867.0,1142.0,1248.0,2186.0,2,"{""geodesic"":false,""type"":""Point"",""coordinates"":[144.30550198825256,-36.76018432027597]}"
12_17_0,539.0,861.0,966.0,2632.0,2,"{""geodesic"":false,""type"":""Point"",""coordinates"":[144.3082867656333,-36.75928600499185]}"
12_18_0,522.0,791.0,1086.0,1734.0,2,"{""geodesic"":false,""type"":""Point"",""coordinates"":[144.30559181978097,-36.75937583652026]}"
12_19_0,572.0,902.0,966.0,2584.0,2,"{""geodesic"":false,""type"":""Point"",""coordinates"":[144.30586131436618,-36.76000465721914]}"
13_0_0,291.0,589.0,662.0,2242.0,2,"{""geodesic"":false,""type"":""Point"",""coordinates"":[144.3006510857183,-36.7611724670885]}"
13_1_0,615.0,839.0,969.0,1700.0,2,"{""geodesic"":false,""type"":""Point"",""coordinates"":[144.30307653698543,-36.761082635560086]}"
13_2_0,760.0,1005.0,1206.0,2224.0,2,"{""geodesic"":false,""type"":""Point"",""coordinates"":[144.30190872711606,-36.76144196167374]}"
13_3_0,256.0,521.0,613.0,2530.0,2,"{""geodesic"":false,""type"":""Point"",""coordinates"":[144.299932433491,-36.760813140974854]}"
13_4_0,659.0,914.0,1030.0,1980.0,2,"{""geodesic"":false,""type"":""Point"",""coordinates"":[144.30235788475812,-36.76144196167374]}"
13_5_0,155.0,400.0,449.0,2274.0,2,"{""geodesic"":false,""type"":""Point"",""coordinates"":[144.30190872711606,-36.761980950844205]}"
13_6_0,752.0,1010.0,1194.0,2834.0,2,"{""geodesic"":false,""type"":""Point"",""coordinates"":[144.30181889558767,-36.761082635560086]}"
13_7_0,427.0,713.0,794.0,2328.0,2,"{""geodesic"":false,""type"":""Point"",""coordinates"":[144.3028070424002,-36.761082635560086]}"
13_8_0,221.0,449.0,581.0,2258.0,2,"{""geodesic"":false,""type"":""Point"",""coordinates"":[144.30029175960465,-36.76099280403167]}"
13_9_0,478.0,820.0,829.0,2574.0,2,"{""geodesic"":false,""type"":""Point"",""coordinates"":[144.30181889558767,-36.76099280403167]}"
13_10_0,290.0,582.0,625.0,2452.0,2,"{""geodesic"":false,""type"":""Point"",""coordinates"":[144.3007409172467,-36.7611724670885]}"
13_11_0,1212.0,1364.0,1314.0,2170.0,2,"{""geodesic"":false,""type"":""Point"",""coordinates"":[144.30154940100243,-36.761352130145326]}"
13_12_0,356.0,576.0,755.0,2226.0,2,"{""geodesic"":false,""type"":""Point"",""coordinates"":[144.3006510857183,-36.76144196167374]}"
13_13_0,695.0,1076.0,1372.0,2464.0,2,"{""geodesic"":false,""type"":""Point"",""coordinates"":[144.30271721087178,-36.7611724670885]}"
13_14_0,571.0,883.0,1134.0,2410.0,2,"{""geodesic"":false,""type"":""Point"",""coordinates"":[144.30208839017288,-36.761801287787385]}"
13_15_0,298.0,539.0,657.0,2136.0,2,"{""geodesic"":false,""type"":""Point"",""coordinates"":[144.30011209654782,-36.760813140974854]}"
13_16_0,869.0,1206.0,1334.0,2152.0,2,"{""geodesic"":false,""type"":""Point"",""coordinates"":[144.30208839017288,-36.76144196167374]}"
13_17_0,545.0,790.0,849.0,2018.0,2,"{""geodesic"":false,""type"":""Point"",""coordinates"":[144.30307653698543,-36.7611724670885]}"
13_18_0,327.0,493.0,524.0,1898.0,2,"{""geodesic"":false,""type"":""Point"",""coordinates"":[144.30163923253085,-36.761980950844205]}"
13_19_0,992.0,1346.0,1516.0,2466.0,2,"{""geodesic"":false,""type"":""Point"",""coordinates"":[144.30163923253085,-36.761531793202145]}"
14_0_0,457.0,712.0,920.0,1962.0,2,"{""geodesic"":false,""type"":""Point"",""coordinates"":[144.3081969341049,-36.762969097656736]}"
14_1_0,476.0,611.0,706.0,2280.0,2,"{""geodesic"":false,""type"":""Point"",""coordinates"":[144.31098171148568,-36.7618911193158]}"
14_2_0,650.0,897.0,917.0,1650.0,2,"{""geodesic"":false,""type"":""Point"",""coordinates"":[144.30999356467314,-36.76278943459992]}"
14_3_0,349.0,571.0,483.0,2274.0,2,"{""geodesic"":false,""type"":""Point"",""coordinates"":[144.30693929270714,-36.762969097656736]}"
14_4_0,871.0,1088.0,1344.0,2126.0,2,"{""geodesic"":false,""type"":""Point"",""coordinates"":[144.31053255384361,-36.76260977154309]}"
14_5_0,1060.0,1414.0,2144.0,3072.0,2,"{""geodesic"":false,""type"":""Point"",""coordinates"":[144.31062238537203,-36.7634182552988]}"
14_6_0,517.0,705.0,899.0,2042.0,2,"{""geodesic"":false,""type"":""Point"",""coordinates"":[144.3095444070311,-36.76243010848627]}"
14_7_0,673.0,885.0,922.0,1932.0,2,"{""geodesic"":false,""type"":""Point"",""coordinates"":[144.31062238537203,-36.761980950844205]}"
14_8_0,720.0,864.0,1196.0,1572.0,2,"{""geodesic"":false,""type"":""Point"",""coordinates"":[144.30756811340603,-36.762969097656736]}"
14_9_0,1020.0,1344.0,1558.0,2710.0,2,"{""geodesic"":false,""type"":""Point"",""coordinates"":[144.30936474397427,-36.76234027695786]}"
14_10_0,457.0,712.0,920.0,1962.0,2,"{""geodesic"":false,""type"":""Point"",""coordinates"":[144.3081969341049,-36.762969097656736]}"
14_11_0,664.0,969.0,1122.0,2918.0,2,"{""geodesic"":false,""type"":""Point"",""coordinates"":[144.3095444070311,-36.76287926612833]}"
14_12_0,151.0,331.0,498.0,1838.0,2,"{""geodesic"":false,""type"":""Point"",""coordinates"":[144.30855626021855,-36.7634182552988]}"
14_13_0,599.0,824.0,907.0,2010.0,2,"{""geodesic"":false,""type"":""Point"",""coordinates"":[144.31071221690044,-36.76216061390103]}"
14_14_0,651.0,954.0,1058.0,2966.0,2,"{""geodesic"":false,""type"":""Point"",""coordinates"":[144.31062238537203,-36.76314876071356]}"
14_15_0,214.0,397.0,538.0,2002.0,2,"{""geodesic"":false,""type"":""Point"",""coordinates"":[144.30711895576397,-36.76287926612833]}"
14_16_0,803.0,890.0,1084.0,1938.0,2,"{""geodesic"":false,""type"":""Point"",""coordinates"":[144.31026305925838,-36.76278943459992]}"
14_17_0,388.0,587.0,566.0,2508.0,2,"{""geodesic"":false,""type"":""Point"",""coordinates"":[144.3110715430141,-36.761980950844205]}"
14_18_0,872.0,1078.0,1236.0,2214.0,2,"{""geodesic"":false,""type"":""Point"",""coordinates"":[144.31026305925838,-36.76350808682721]}"
14_19_0,843.0,1168.0,1202.0,3298.0,2,"{""geodesic"":false,""type"":""Point"",""coordinates"":[144.3098139016163,-36.76305892918515]}"
15_0_0,585.0,908.0,884.0,2774.0,2,"{""geodesic"":false,""type"":""Point"",""coordinates"":[144.30765794493445,-36.76530471739545]}"
15_1_0,713.0,1086.0,1202.0,2458.0,2,"{""geodesic"":false,""type"":""Point"",""coordinates"":[144.30711895576397,-36.76665219032163]}"
15_2_0,576.0,874.0,910.0,2330.0,2,"{""geodesic"":false,""type"":""Point"",""coordinates"":[144.3065799665935,-36.765843706565924]}"
15_3_0,1422.0,1418.0,1542.0,3082.0,2,"{""geodesic"":false,""type"":""Point"",""coordinates"":[144.30864609174697,-36.7649453912818]}"
15_4_0,979.0,1260.0,1490.0,2500.0,2,"{""geodesic"":false,""type"":""Point"",""coordinates"":[144.30640030353666,-36.76611320115116]}"
15_5_0,744.0,1140.0,1312.0,2452.0,2,"{""geodesic"":false,""type"":""Point"",""coordinates"":[144.30523249366732,-36.7656640435091]}"
15_6_0,492.0,628.0,808.0,1532.0,2,"{""geodesic"":false,""type"":""Point"",""coordinates"":[144.3073884503492,-36.76593353809433]}"
15_7_0,769.0,1082.0,1112.0,2586.0,2,"{""geodesic"":false,""type"":""Point"",""coordinates"":[144.3072986188208,-36.766562358793216]}"
15_8_0,514.0,732.0,946.0,2226.0,2,"{""geodesic"":false,""type"":""Point"",""coordinates"":[144.30810710257649,-36.765125054338625]}"
15_9_0,509.0,860.0,1220.0,2084.0,2,"{""geodesic"":false,""type"":""Point"",""coordinates"":[144.30765794493445,-36.766023369622744]}"
15_10_0,585.0,908.0,884.0,2774.0,2,"{""geodesic"":false,""type"":""Point"",""coordinates"":[144.30765794493445,-36.76530471739545]}"
15_11_0,419.0,643.0,724.0,2024.0,2,"{""geodesic"":false,""type"":""Point"",""coordinates"":[144.30675962965032,-36.7656640435091]}"
15_12_0,353.0,545.0,683.0,2066.0,2,"{""geodesic"":false,""type"":""Point"",""coordinates"":[144.30684946117873,-36.765125054338625]}"
15_13_0,521.0,836.0,1092.0,1930.0,2,"{""geodesic"":false,""type"":""Point"",""coordinates"":[144.30693929270714,-36.7664725272648]}"
15_14_0,684.0,965.0,1024.0,1814.0,2,"{""geodesic"":false,""type"":""Point"",""coordinates"":[144.30559181978097,-36.765843706565924]}"
15_15_0,235.0,434.0,449.0,2250.0,2,"{""geodesic"":false,""type"":""Point"",""coordinates"":[144.30855626021855,-36.76503522281021]}"
15_16_0,708.0,945.0,1100.0,2236.0,2,"{""geodesic"":false,""type"":""Point"",""coordinates"":[144.30640030353666,-36.76593353809433]}"
15_17_0,968.0,1266.0,1404.0,2310.0,2,"{""geodesic"":false,""type"":""Point"",""coordinates"":[144.30693929270714,-36.76665219032163]}"
15_18_0,897.0,1178.0,1236.0,2156.0,2,"{""geodesic"":false,""type"":""Point"",""coordinates"":[144.30532232519573,-36.76548438045227]}"
15_19_0,390.0,719.0,818.0,2334.0,2,"{""geodesic"":false,""type"":""Point"",""coordinates"":[144.30631047200825,-36.7656640435091]}"
16_0_0,885.0,1310.0,1518.0,2740.0,2,"{""geodesic"":false,""type"":""Point"",""coordinates"":[144.30199855864447,-36.765394548923865]}"
16_1_0,642.0,836.0,997.0,1480.0,2,"{""geodesic"":false,""type"":""Point"",""coordinates"":[144.30083074877513,-36.766562358793216]}"
16_2_0,706.0,940.0,1100.0,2034.0,2,"{""geodesic"":false,""type"":""Point"",""coordinates"":[144.30092058030354,-36.765843706565924]}"
16_3_0,756.0,1048.0,1282.0,2172.0,2,"{""geodesic"":false,""type"":""Point"",""coordinates"":[144.3028968739286,-36.76530471739545]}"
16_4_0,1100.0,1418.0,1732.0,3044.0,2,"{""geodesic"":false,""type"":""Point"",""coordinates"":[144.3005612541899,-36.76593353809433]}"
16_5_0,1078.0,1302.0,1374.0,2186.0,2,"{""geodesic"":false,""type"":""Point"",""coordinates"":[144.3000222650194,-36.76548438045227]}"
16_6_0,606.0,899.0,1007.0,1968.0,2,"{""geodesic"":false,""type"":""Point"",""coordinates"":[144.3013697379456,-36.76593353809433]}"
16_7_0,539.0,858.0,1144.0,2444.0,2,"{""geodesic"":false,""type"":""Point"",""coordinates"":[144.30101041183195,-36.7664725272648]}"
16_8_0,561.0,918.0,1120.0,2496.0,2,"{""geodesic"":false,""type"":""Point"",""coordinates"":[144.30244771628654,-36.765394548923865]}"
16_9_0,479.0,785.0,835.0,2062.0,2,"{""geodesic"":false,""type"":""Point"",""coordinates"":[144.30154940100243,-36.766023369622744]}"
16_10_0,877.0,1238.0,1506.0,2632.0,2,"{""geodesic"":false,""type"":""Point"",""coordinates"":[144.30190872711606,-36.76548438045227]}"
16_11_0,938.0,1326.0,1464.0,2474.0,2,"{""geodesic"":false,""type"":""Point"",""coordinates"":[144.30110024336037,-36.7656640435091]}"
16_12_0,748.0,1142.0,1306.0,2264.0,2,"{""geodesic"":false,""type"":""Point"",""coordinates"":[144.30145956947402,-36.76521488586704]}"
16_13_0,613.0,930.0,1178.0,2214.0,2,"{""geodesic"":false,""type"":""Point"",""coordinates"":[144.30083074877513,-36.76629286420798]}"
16_14_0,839.0,982.0,1168.0,1998.0,2,"{""geodesic"":false,""type"":""Point"",""coordinates"":[144.30020192807623,-36.7656640435091]}"
16_15_0,835.0,1166.0,1390.0,2324.0,2,"{""geodesic"":false,""type"":""Point"",""coordinates"":[144.3028070424002,-36.765394548923865]}"
16_16_0,1050.0,1318.0,1570.0,2332.0,2,"{""geodesic"":false,""type"":""Point"",""coordinates"":[144.3007409172467,-36.765843706565924]}"
16_17_0,641.0,809.0,981.0,1390.0,2,"{""geodesic"":false,""type"":""Point"",""coordinates"":[144.3006510857183,-36.7664725272648]}"
16_18_0,593.0,897.0,1158.0,2294.0,2,"{""geodesic"":false,""type"":""Point"",""coordinates"":[144.30020192807623,-36.76530471739545]}"
16_19_0,774.0,1021.0,1200.0,2066.0,2,"{""geodesic"":false,""type"":""Point"",""coordinates"":[144.30083074877513,-36.765574211980685]}"
18_0_0,859.0,1104.0,1354.0,2482.0,2,"{""geodesic"":false,""type"":""Point"",""coordinates"":[144.30119007488878,-36.76970646228764]}"
18_1_0,1298.0,1642.0,1928.0,2410.0,2,"{""geodesic"":false,""type"":""Point"",""coordinates"":[144.2991239497353,-36.769886125344456]}"
18_2_0,863.0,1150.0,1224.0,2358.0,2,"{""geodesic"":false,""type"":""Point"",""coordinates"":[144.2997527704342,-36.76952679923081]}"
18_3_0,982.0,1180.0,1434.0,1956.0,2,"{""geodesic"":false,""type"":""Point"",""coordinates"":[144.30208839017288,-36.769886125344456]}"
18_4_0,704.0,1007.0,1154.0,2458.0,2,"{""geodesic"":false,""type"":""Point"",""coordinates"":[144.29939344432054,-36.76952679923081]}"
18_5_0,654.0,1004.0,1114.0,2584.0,2,"{""geodesic"":false,""type"":""Point"",""coordinates"":[144.29921378126372,-36.76907764158875]}"
18_6_0,690.0,998.0,1116.0,2578.0,2,"{""geodesic"":false,""type"":""Point"",""coordinates"":[144.30020192807623,-36.76979629381605]}"
18_7_0,686.0,888.0,1134.0,1920.0,2,"{""geodesic"":false,""type"":""Point"",""coordinates"":[144.29939344432054,-36.769886125344456]}"
18_8_0,663.0,951.0,1090.0,2212.0,2,"{""geodesic"":false,""type"":""Point"",""coordinates"":[144.30163923253085,-36.76979629381605]}"
18_9_0,566.0,828.0,926.0,2216.0,2,"{""geodesic"":false,""type"":""Point"",""coordinates"":[144.30029175960465,-36.769886125344456]}"
18_10_0,702.0,907.0,1088.0,1860.0,2,"{""geodesic"":false,""type"":""Point"",""coordinates"":[144.30110024336037,-36.76970646228764]}"
18_11_0,711.0,860.0,957.0,2552.0,2,"{""geodesic"":false,""type"":""Point"",""coordinates"":[144.30011209654782,-36.76952679923081]}"
18_12_0,608.0,868.0,1036.0,2176.0,2,"{""geodesic"":false,""type"":""Point"",""coordinates"":[144.30083074877513,-36.7694369677024]}"
18_13_0,873.0,1226.0,1422.0,1864.0,2,"{""geodesic"":false,""type"":""Point"",""coordinates"":[144.29930361279213,-36.76979629381605]}"
18_14_0,1360.0,1680.0,1580.0,2626.0,2,"{""geodesic"":false,""type"":""Point"",""coordinates"":[144.29921378126372,-36.76925730464558]}"
18_15_0,1092.0,1452.0,1670.0,2238.0,2,"{""geodesic"":false,""type"":""Point"",""coordinates"":[144.30199855864447,-36.769886125344456]}"
18_16_0,651.0,890.0,1100.0,2196.0,2,"{""geodesic"":false,""type"":""Point"",""coordinates"":[144.29957310737737,-36.76952679923081]}"
18_17_0,954.0,1394.0,1604.0,2402.0,2,"{""geodesic"":false,""type"":""Point"",""coordinates"":[144.2990341182069,-36.76979629381605]}"
18_18_0,582.0,871.0,969.0,2120.0,2,"{""geodesic"":false,""type"":""Point"",""coordinates"":[144.29939344432054,-36.76907764158875]}"
18_19_0,1116.0,1302.0,1128.0,2404.0,2,"{""geodesic"":false,""type"":""Point"",""coordinates"":[144.2998426019626,-36.7694369677024]}"
19_0_0,927.0,1044.0,1246.0,1668.0,2,"{""geodesic"":false,""type"":""Point"",""coordinates"":[144.30047142266147,-36.77329972342412]}"
19_1_0,802.0,1060.0,1244.0,2160.0,2,"{""geodesic"":false,""type"":""Point"",""coordinates"":[144.299932433491,-36.773928544122995]}"
19_2_0,470.0,775.0,820.0,2874.0,2,"{""geodesic"":false,""type"":""Point"",""coordinates"":[144.29966293890578,-36.77338955495252]}"
19_3_0,807.0,1012.0,1266.0,2024.0,2,"{""geodesic"":false,""type"":""Point"",""coordinates"":[144.3000222650194,-36.77383871259458]}"
19_4_0,581.0,852.0,1072.0,2492.0,2,"{""geodesic"":false,""type"":""Point"",""coordinates"":[144.29948327584896,-36.77365904953776]}"
19_5_0,639.0,1060.0,1096.0,3064.0,2,"{""geodesic"":false,""type"":""Point"",""coordinates"":[144.30145956947402,-36.77222174508317]}"
19_6_0,1650.0,2272.0,2632.0,3296.0,2,"{""geodesic"":false,""type"":""Point"",""coordinates"":[144.3006510857183,-36.77267090272523]}"
19_7_0,724.0,1007.0,1264.0,1744.0,2,"{""geodesic"":false,""type"":""Point"",""coordinates"":[144.3007409172467,-36.77213191355476]}"
19_8_0,545.0,741.0,976.0,1810.0,2,"{""geodesic"":false,""type"":""Point"",""coordinates"":[144.30047142266147,-36.772311576611585]}"
19_9_0,1200.0,1722.0,2172.0,3100.0,2,"{""geodesic"":false,""type"":""Point"",""coordinates"":[144.3005612541899,-36.77267090272523]}"
19_10_0,444.0,540.0,803.0,1782.0,2,"{""geodesic"":false,""type"":""Point"",""coordinates"":[144.30047142266147,-36.7732098918957]}"
19_11_0,1888.0,2668.0,2562.0,3544.0,2,"{""geodesic"":false,""type"":""Point"",""coordinates"":[144.30083074877513,-36.77267090272523]}"
19_12_0,572.0,673.0,844.0,2094.0,2,"{""geodesic"":false,""type"":""Point"",""coordinates"":[144.3007409172467,-36.77312006036729]}"
19_13_0,706.0,988.0,1212.0,1792.0,2,"{""geodesic"":false,""type"":""Point"",""coordinates"":[144.30083074877513,-36.77213191355476]}"
19_14_0,838.0,1220.0,1522.0,2224.0,2,"{""geodesic"":false,""type"":""Point"",""coordinates"":[144.2991239497353,-36.77365904953776]}"
19_15_0,694.0,883.0,1092.0,2262.0,2,"{""geodesic"":false,""type"":""Point"",""coordinates"":[144.30011209654782,-36.773748881066176]}"
19_16_0,727.0,1044.0,1104.0,2920.0,2,"{""geodesic"":false,""type"":""Point"",""coordinates"":[144.29957310737737,-36.773479386480936]}"
19_17_0,972.0,1294.0,1470.0,2746.0,2,"{""geodesic"":false,""type"":""Point"",""coordinates"":[144.30092058030354,-36.77195225049793]}"
19_18_0,957.0,1338.0,1692.0,2246.0,2,"{""geodesic"":false,""type"":""Point"",""coordinates"":[144.29894428667848,-36.773479386480936]}"
19_19_0,646.0,932.0,998.0,2512.0,2,"{""geodesic"":false,""type"":""Point"",""coordinates"":[144.29948327584896,-36.77329972342412]}"
20_0_0,636.0,949.0,1210.0,2044.0,2,"{""geodesic"":false,""type"":""Point"",""coordinates"":[144.29508153095676,-36.77240140813999]}"
20_1_0,718.0,1032.0,1150.0,2236.0,2,"{""geodesic"":false,""type"":""Point"",""coordinates"":[144.29705782458183,-36.771323429799054]}"
20_2_0,705.0,955.0,1196.0,2042.0,2,"{""geodesic"":false,""type"":""Point"",""coordinates"":[144.29651883541135,-36.772042082026346]}"
20_3_0,527.0,805.0,897.0,2402.0,2,"{""geodesic"":false,""type"":""Point"",""coordinates"":[144.29409338414422,-36.77258107119682]}"
20_4_0,545.0,773.0,857.0,2412.0,2,"{""geodesic"":false,""type"":""Point"",""coordinates"":[144.296878161525,-36.77186241896952]}"
20_5_0,574.0,794.0,932.0,1816.0,2,"{""geodesic"":false,""type"":""Point"",""coordinates"":[144.29714765611024,-36.77240140813999]}"
20_6_0,645.0,890.0,1132.0,1942.0,2,"{""geodesic"":false,""type"":""Point"",""coordinates"":[144.29606967776928,-36.77186241896952]}"
20_7_0,708.0,909.0,1052.0,1482.0,2,"{""geodesic"":false,""type"":""Point"",""coordinates"":[144.2967883299966,-36.77141326132746]}"
20_8_0,879.0,1244.0,1404.0,3110.0,2,"{""geodesic"":false,""type"":""Point"",""coordinates"":[144.2946323733147,-36.772491239668405]}"
20_9_0,490.0,816.0,962.0,2020.0,2,"{""geodesic"":false,""type"":""Point"",""coordinates"":[144.29597984624087,-36.77177258744111]}"
20_10_0,658.0,973.0,1256.0,2150.0,2,"{""geodesic"":false,""type"":""Point"",""coordinates"":[144.29517136248518,-36.77240140813999]}"
20_11_0,539.0,744.0,875.0,2092.0,2,"{""geodesic"":false,""type"":""Point"",""coordinates"":[144.2961595092977,-36.77213191355476]}"
20_12_0,806.0,1100.0,1236.0,2592.0,2,"{""geodesic"":false,""type"":""Point"",""coordinates"":[144.29553068859883,-36.77258107119682]}"
20_13_0,594.0,935.0,1034.0,1932.0,2,"{""geodesic"":false,""type"":""Point"",""coordinates"":[144.296878161525,-36.77150309285587]}"
20_14_0,686.0,927.0,1084.0,1660.0,2,"{""geodesic"":false,""type"":""Point"",""coordinates"":[144.29714765611024,-36.77222174508317]}"
20_15_0,660.0,910.0,954.0,2466.0,2,"{""geodesic"":false,""type"":""Point"",""coordinates"":[144.29427304720105,-36.772491239668405]}"
20_16_0,587.0,707.0,826.0,1072.0,2,"{""geodesic"":false,""type"":""Point"",""coordinates"":[144.29669849846817,-36.772042082026346]}"
20_17_0,853.0,1110.0,1250.0,1890.0,2,"{""geodesic"":false,""type"":""Point"",""coordinates"":[144.29714765611024,-36.77141326132746]}"
20_18_0,1052.0,1082.0,1074.0,2034.0,2,"{""geodesic"":false,""type"":""Point"",""coordinates"":[144.2969679930534,-36.772491239668405]}"
20_19_0,722.0,1062.0,1230.0,2310.0,2,"{""geodesic"":false,""type"":""Point"",""coordinates"":[144.29642900388293,-36.77222174508317]}"
